{"cameraMode":{"drawMode":0,"name":"Shaded","section":"Shading Mode"},"sceneLighting":false,"audioPlay":false,"sceneViewState":{"m_AlwaysRefresh":false,"showFog":true,"showSkybox":true,"showFlares":true,"showImageEffects":true,"showParticleSystems":true,"showVisualEffectGraphs":true,"m_FxEnabled":true},"in2DMode":false,"pivot":{"x":-2.5297553539276125,"y":2.007223129272461,"z":12.923800468444825},"rotation":{"x":0.027226826176047326,"y":-0.705366849899292,"z":-0.027068227529525758,"w":-0.7078969478607178},"size":1.8508867025375367,"orthographic":false}